{"cameraMode":{"drawMode":0,"name":"Shaded","section":"Shading Mode"},"sceneLighting":true,"audioPlay":false,"sceneViewState":{"m_AlwaysRefresh":false,"showFog":true,"showSkybox":true,"showFlares":true,"showImageEffects":true,"showParticleSystems":true,"showVisualEffectGraphs":true,"m_FxEnabled":true},"in2DMode":false,"pivot":{"x":-70.13822937011719,"y":10.284151077270508,"z":-40.49911117553711},"rotation":{"x":0.06644837558269501,"y":-0.47420209646224978,"z":-0.03591194748878479,"w":-0.8771852850914002},"size":13.997112274169922,"orthographic":false}