{"cameraMode":{"drawMode":0,"name":"Shaded","section":"Shading Mode"},"sceneLighting":true,"audioPlay":false,"sceneViewState":{"m_AlwaysRefresh":false,"showFog":true,"showSkybox":true,"showFlares":true,"showImageEffects":true,"showParticleSystems":true,"showVisualEffectGraphs":true,"m_FxEnabled":true},"in2DMode":false,"pivot":{"x":-94.9000015258789,"y":0.9600000381469727,"z":-42.20000076293945},"rotation":{"x":-0.11011110246181488,"y":0.03369408845901489,"z":-0.0037314151413738729,"w":-0.9933520555496216},"size":12.12435531616211,"orthographic":false}