{"cameraMode":{"drawMode":0,"name":"Shaded","section":"Shading Mode"},"sceneLighting":true,"audioPlay":false,"sceneViewState":{"showFog":true,"showMaterialUpdate":true,"showSkybox":true,"showFlares":true,"showImageEffects":true,"showParticleSystems":true},"in2DMode":false,"pivot":{"x":-9.375421524047852,"y":92.90936279296875,"z":-77.33189392089844},"rotation":{"x":0.49064236879348757,"y":0.48224446177482607,"z":-0.38434210419654848,"w":0.6156273484230042},"size":258.85272216796877,"orthographic":true}